,Adj Close,Adj Close,Adj Close,Close,Close,Close,High,High,High,Low,Low,Low,Open,Open,Open,Volume,Volume,Volume
,AAPL,DIS,MSFT,AAPL,DIS,MSFT,AAPL,DIS,MSFT,AAPL,DIS,MSFT,AAPL,DIS,MSFT,AAPL,DIS,MSFT
Date,,,,,,,,,,,,,,,,,,
2021-01-04,127.67999267578125,177.67999267578125,213.34202575683594,129.41000366210938,177.67999267578125,217.69000244140625,133.61000061035156,182.58999633789062,223.0,126.76000213623047,174.72999572753906,214.80999755859375,133.52000427246094,182.25999450683594,222.52999877929688,143301900,13426600,37130100
2021-01-05,129.25860595703125,178.44000244140625,213.5478057861328,131.00999450683594,178.44000244140625,217.89999389648438,131.74000549316406,180.33999633789062,218.52000427246094,128.42999267578125,176.1999969482422,215.6999969482422,128.88999938964844,176.1999969482422,217.25999450683594,97664900,7771800,23823000
2021-01-06,124.90755462646484,179.1199951171875,208.0106658935547,126.5999984741211,179.1199951171875,212.25,131.0500030517578,181.61000061035156,216.49000549316406,126.37999725341797,177.27999877929688,211.94000244140625,127.72000122070312,178.32000732421875,212.1699981689453,155088000,7517800,35930700
2021-01-07,129.16981506347656,178.5800018310547,213.9300079345703,130.9199981689453,178.5800018310547,218.2899932861328,131.6300048828125,179.9499969482422,219.33999633789062,127.86000061035156,177.5800018310547,213.7100067138672,128.36000061035156,179.5,214.0399932861328,109578200,7300800,27694500
2021-01-08,130.2847137451172,178.69000244140625,215.23345947265625,132.0500030517578,178.69000244140625,219.6199951171875,132.6300048828125,180.02000427246094,220.5800018310547,130.22999572753906,176.60000610351562,217.02999877929688,132.42999267578125,178.80999755859375,218.67999267578125,105158200,7894500,22956200
2021-01-11,127.25574493408203,179.08999633789062,213.14599609375,128.97999572753906,179.08999633789062,217.49000549316406,130.1699981689453,181.25999450683594,218.91000366210938,128.5,177.35000610351562,216.72999572753906,129.19000244140625,177.75,218.47000122070312,100384500,6461300,23031300
2021-01-12,127.07816314697266,175.99000549316406,210.6371307373047,128.8000030517578,175.99000549316406,214.92999267578125,129.69000244140625,178.32000732421875,217.10000610351562,126.86000061035156,174.86000061035156,213.32000732421875,128.5,177.3000030517578,216.5,91951100,8349800,23249300
2021-01-13,129.14022827148438,176.1199951171875,212.01895141601562,130.88999938964844,176.1199951171875,216.33999633789062,131.4499969482422,177.72999572753906,216.75999450683594,128.49000549316406,173.74000549316406,213.92999267578125,128.75999450683594,174.39999389648438,214.02000427246094,88636800,6839500,20087100
2021-01-14,127.18669128417969,173.42999267578125,208.76528930664062,128.91000366210938,173.42999267578125,213.02000427246094,131.0,178.35000610351562,217.4600067138672,128.75999450683594,173.39999389648438,212.74000549316406,130.8000030517578,177.00999450683594,215.91000366210938,90221800,8951200,29480800
2021-01-15,125.44035339355469,171.44000244140625,208.40267944335938,127.13999938964844,171.44000244140625,212.64999389648438,130.22000122070312,174.19000244140625,214.50999450683594,127.0,170.1699981689453,212.02999877929688,128.77999877929688,172.9499969482422,213.52000427246094,111598500,12232500,31746500
2021-01-19,126.12113189697266,172.25999450683594,212.1169891357422,127.83000183105469,172.25999450683594,216.44000244140625,128.7100067138672,173.7100067138672,216.97999572753906,126.94000244140625,171.44000244140625,212.6300048828125,127.77999877929688,172.10000610351562,213.75,90757300,7834700,30480900
2021-01-20,130.26495361328125,173.63999938964844,219.8591766357422,132.02999877929688,173.63999938964844,224.33999633789062,132.49000549316406,177.8800048828125,225.7899932861328,128.5500030517578,173.0,217.2899932861328,128.66000366210938,175.22000122070312,217.6999969482422,104319500,9809200,37777300
2021-01-21,135.040283203125,171.27999877929688,220.47659301757812,136.8699951171875,171.27999877929688,224.97000122070312,139.6699981689453,175.0,226.3000030517578,133.58999633789062,171.02000427246094,222.4199981689453,133.8000030517578,173.24000549316406,224.6999969482422,120150900,8416400,30709400
2021-01-22,137.2108612060547,172.77999877929688,221.43704223632812,139.07000732421875,172.77999877929688,225.9499969482422,139.85000610351562,175.25,230.07000732421875,135.02000427246094,171.88999938964844,225.8000030517578,136.27999877929688,174.0,227.0800018310547,114459400,9517200,30172700
2021-01-25,141.0093994140625,171.88999938964844,224.94552612304688,142.9199981689453,171.88999938964844,229.52999877929688,145.08999633789062,173.11000061035156,229.77999877929688,136.5399932861328,168.77000427246094,224.22000122070312,143.07000732421875,171.88999938964844,229.1199951171875,157611700,7833700,33152100
2021-01-26,141.24618530273438,169.55999755859375,227.68960571289062,143.16000366210938,169.55999755859375,232.3300018310547,144.3000030517578,173.35000610351562,234.17999267578125,141.3699951171875,169.0500030517578,230.0800018310547,143.60000610351562,173.0,231.86000061035156,98390600,7523200,49169600
2021-01-27,140.160888671875,163.02999877929688,228.24819946289062,142.05999755859375,163.02999877929688,232.89999389648438,144.3000030517578,166.33999633789062,240.44000244140625,140.41000366210938,160.52000427246094,230.13999938964844,143.42999267578125,165.00999450683594,238.0,140843800,18239200,69870600
2021-01-28,135.25733947753906,171.8800048828125,234.15777587890625,137.08999633789062,171.8800048828125,238.92999267578125,141.99000549316406,172.8800048828125,242.63999938964844,136.6999969482422,165.9499969482422,235.08999633789062,139.52000427246094,166.1699981689453,235.61000061035156,142621100,14449100,49111200
2021-01-29,130.19590759277344,168.1699981689453,227.32701110839844,131.9600067138672,168.1699981689453,231.9600067138672,136.74000549316406,169.80999755859375,238.02000427246094,130.2100067138672,165.7899932861328,231.35000610351562,135.8300018310547,168.8000030517578,235.99000549316406,177523800,12848800,42503100
2021-02-01,132.3467559814453,170.97000122070312,234.86338806152344,134.13999938964844,170.97000122070312,239.64999389648438,135.3800048828125,171.72999572753906,242.5,130.92999267578125,168.02999877929688,232.42999267578125,133.75,170.83999633789062,235.05999755859375,106239800,8140400,33314200
2021-02-02,133.18540954589844,176.9600067138672,234.72621154785156,134.99000549316406,176.9600067138672,239.50999450683594,136.30999755859375,179.75999450683594,242.30999755859375,134.61000061035156,172.8000030517578,238.69000244140625,135.72999572753906,173.77000427246094,241.3000030517578,83305400,12215200,25916300
2021-02-03,132.14944458007812,176.42999267578125,238.14649963378906,133.94000244140625,176.42999267578125,243.0,135.77000427246094,178.42999267578125,245.08999633789062,133.61000061035156,175.75999450683594,239.25999450683594,135.75999450683594,177.0,239.57000732421875,89880900,5508600,27158100
2021-02-04,135.5532989501953,180.22999572753906,237.17625427246094,137.38999938964844,180.22999572753906,242.00999450683594,137.39999389648438,181.3800048828125,243.24000549316406,134.58999633789062,176.49000549316406,240.3699951171875,136.3000030517578,177.58999633789062,242.66000366210938,84183100,9035400,25296100
2021-02-05,135.13336181640625,181.16000366210938,237.3624725341797,136.75999450683594,181.16000366210938,242.1999969482422,137.4199981689453,182.32000732421875,243.27999877929688,135.86000061035156,179.3300018310547,240.4199981689453,137.35000610351562,181.7100067138672,242.22999572753906,75693800,6640500,18054800
2021-02-08,135.28158569335938,190.0,237.62709045410156,136.91000366210938,190.0,242.47000122070312,136.9600067138672,190.63999938964844,243.67999267578125,134.9199981689453,183.3000030517578,240.80999755859375,136.02999877929688,183.85000610351562,243.14999389648438,71297200,16085700,22211900
2021-02-09,134.39227294921875,188.2100067138672,238.90110778808594,136.00999450683594,188.2100067138672,243.77000427246094,137.8800048828125,189.25,244.75999450683594,135.85000610351562,186.0399932861328,241.3800048828125,136.6199951171875,188.1699981689453,241.8699951171875,76774200,11270800,23565000
2021-02-10,133.7796630859375,189.6300048828125,237.9700927734375,135.38999938964844,189.6300048828125,242.82000732421875,136.99000549316406,190.6999969482422,245.9199981689453,134.39999389648438,185.80999755859375,240.88999938964844,136.47999572753906,189.97999572753906,245.0,73046600,11464600,22186700
2021-02-11,133.52276611328125,190.91000366210938,239.6067352294922,135.1300048828125,190.91000366210938,244.49000549316406,136.38999938964844,191.25,245.14999389648438,133.77000427246094,188.07000732421875,242.14999389648438,135.89999389648438,189.17999267578125,244.77999877929688,64280000,17507900,15751100
2021-02-12,133.75991821289062,187.6699981689453,240.09674072265625,135.3699951171875,187.6699981689453,244.99000549316406,135.52999877929688,193.85000610351562,245.3000030517578,133.69000244140625,186.55999755859375,242.72999572753906,134.35000610351562,193.0,243.92999267578125,60145100,27233800,16561100
2021-02-16,131.6058349609375,186.35000610351562,238.8324737548828,133.19000244140625,186.35000610351562,243.6999969482422,136.00999450683594,188.44000244140625,246.1300048828125,132.7899932861328,184.86000061035156,242.9199981689453,135.49000549316406,187.3000030517578,245.02999877929688,80576300,11630700,26728500
2021-02-17,129.2837677001953,186.44000244140625,239.8737030029297,130.83999633789062,186.44000244140625,244.1999969482422,132.22000122070312,187.6300048828125,244.30999755859375,129.47000122070312,182.16000366210938,240.94000244140625,131.25,185.36000061035156,241.32000732421875,97918500,11391800,21653500
2021-02-18,128.16722106933594,183.0,239.47096252441406,129.7100067138672,183.0,243.7899932861328,130.0,186.39999389648438,243.92999267578125,127.41000366210938,182.83999633789062,240.86000061035156,129.1999969482422,184.7899932861328,241.8000030517578,96856700,12380900,16925600
2021-02-19,128.32530212402344,183.64999389648438,236.700927734375,129.8699951171875,183.64999389648438,240.97000122070312,130.7100067138672,184.77999877929688,243.86000061035156,128.8000030517578,182.7899932861328,240.17999267578125,130.24000549316406,184.27000427246094,243.75,87668800,8834500,25262600
2021-02-22,124.5013427734375,191.75999450683594,230.35540771484375,126.0,191.75999450683594,234.50999450683594,129.72000122070312,194.02000427246094,237.92999267578125,125.5999984741211,181.52999877929688,232.39999389648438,128.00999450683594,181.74000549316406,237.4199981689453,103916400,18799600,36446900
2021-02-23,124.36302947998047,197.08999633789062,229.1373748779297,125.86000061035156,197.08999633789062,233.27000427246094,126.70999908447266,198.94000244140625,234.8300018310547,118.38999938964844,188.66000366210938,228.72999572753906,123.76000213623047,193.58999633789062,230.3300018310547,158273000,23191400,30228700
2021-02-24,123.85908508300781,197.50999450683594,230.3946990966797,125.3499984741211,197.50999450683594,234.5500030517578,125.55999755859375,200.60000610351562,235.1999969482422,122.2300033569336,195.3300018310547,229.0,124.94000244140625,197.5800018310547,230.00999450683594,111039900,16205900,26339700
2021-02-25,119.55094909667969,190.97999572753906,224.93319702148438,120.98999786376953,190.97999572753906,228.99000549316406,126.45999908447266,197.9600067138672,234.58999633789062,120.54000091552734,190.3800048828125,227.8800048828125,124.68000030517578,197.72999572753906,232.0800018310547,148199500,12712000,39542200
2021-02-26,119.8177261352539,189.0399932861328,228.26312255859375,121.26000213623047,189.0399932861328,232.3800048828125,124.8499984741211,191.61000061035156,235.3699951171875,121.19999694824219,185.4499969482422,229.5399932861328,122.58999633789062,190.07000732421875,231.52999877929688,164560400,15844000,37819200
2021-03-01,126.27006530761719,194.97999572753906,232.74237060546875,127.79000091552734,194.97999572753906,236.94000244140625,127.93000030517578,196.89999389648438,237.47000122070312,122.79000091552734,191.38999938964844,233.14999389648438,123.75,193.22999572753906,235.89999389648438,116307900,10709900,25324000
2021-03-02,123.63182830810547,193.94000244140625,229.7267303466797,125.12000274658203,193.94000244140625,233.8699951171875,128.72000122070312,197.9600067138672,237.3000030517578,125.01000213623047,193.49000549316406,233.4499969482422,128.41000366210938,196.10000610351562,237.00999450683594,102260900,8371400,22812500
2021-03-03,120.60820007324219,192.25999450683594,223.52850341796875,122.05999755859375,192.25999450683594,227.55999755859375,125.70999908447266,196.80999755859375,233.5800018310547,121.83999633789062,192.2100067138672,227.25999450683594,124.80999755859375,194.6300048828125,232.16000366210938,112966300,8750300,34029500
2021-03-04,118.70116424560547,188.02999877929688,222.7132110595703,120.12999725341797,188.02999877929688,226.72999572753906,123.5999984741211,192.47999572753906,232.49000549316406,118.62000274658203,184.1199951171875,224.25999450683594,121.75,189.89999389648438,226.74000549316406,178155000,12542600,44727800
2021-03-05,119.97582244873047,189.99000549316406,227.4969482421875,121.41999816894531,189.99000549316406,231.60000610351562,121.94000244140625,190.57000732421875,233.27000427246094,117.56999969482422,183.33999633789062,226.4600067138672,120.9800033569336,189.14999389648438,229.52000427246094,153766600,10266400,41872800
2021-03-08,114.97599792480469,201.91000366210938,223.36151123046875,116.36000061035156,201.91000366210938,227.38999938964844,121.0,203.02000427246094,233.3699951171875,116.20999908447266,193.7899932861328,227.1300048828125,120.93000030517578,197.30999755859375,231.3699951171875,154376600,25093200,35267400
2021-03-09,119.64974975585938,194.50999450683594,229.63833618164062,121.08999633789062,194.50999450683594,233.77999877929688,122.05999755859375,201.6999969482422,235.3800048828125,118.79000091552734,194.3699951171875,231.6699981689453,119.02999877929688,200.19000244140625,232.8800048828125,129525800,23331000,33080500
2021-03-10,118.55294799804688,195.05999755859375,228.3024139404297,119.9800033569336,195.05999755859375,232.4199981689453,122.16999816894531,198.8000030517578,237.0,119.44999694824219,194.67999267578125,232.0399932861328,121.69000244140625,197.30999755859375,237.0,111943300,13662100,29746800
2021-03-11,120.5093994140625,196.75,232.928955078125,121.95999908447266,196.75,237.1300048828125,123.20999908447266,199.0500030517578,239.1699981689453,121.26000213623047,195.39999389648438,234.30999755859375,122.54000091552734,197.3800048828125,234.9600067138672,103026500,11933900,29907600
2021-03-12,119.59046173095703,197.16000366210938,231.5734100341797,121.02999877929688,197.16000366210938,235.75,121.16999816894531,198.41000366210938,235.82000732421875,119.16000366210938,195.17999267578125,233.22999572753906,120.4000015258789,196.52999877929688,234.00999450683594,88105100,13249100,22653700
2021-03-15,122.51525115966797,196.75999450683594,230.65005493164062,123.98999786376953,196.75999450683594,234.80999755859375,124.0,198.5399932861328,235.19000244140625,120.41999816894531,194.80999755859375,231.80999755859375,121.41000366210938,198.5399932861328,234.9600067138672,92403800,10311400,26034900
2021-03-16,124.07646179199219,194.24000549316406,233.4987030029297,125.56999969482422,194.24000549316406,237.7100067138672,127.22000122070312,196.58999633789062,240.05999755859375,124.72000122070312,192.8800048828125,235.94000244140625,125.69999694824219,196.10000610351562,236.27999877929688,115227900,9680700,28092200
2021-03-17,123.2761001586914,195.24000549316406,232.840576171875,124.76000213623047,195.24000549316406,237.0399932861328,125.86000061035156,196.19000244140625,238.5500030517578,122.33999633789062,191.77999877929688,233.22999572753906,124.05000305175781,193.44000244140625,236.14999389648438,111932600,14418700,29562100
2021-03-18,119.0964126586914,192.27999877929688,226.63253784179688,120.52999877929688,192.27999877929688,230.72000122070312,123.18000030517578,195.0800018310547,234.19000244140625,120.31999969482422,191.74000549316406,230.3300018310547,122.87999725341797,194.9499969482422,232.55999755859375,121229700,9644500,34833000
2021-03-19,118.5628433227539,191.13999938964844,226.26910400390625,119.98999786376953,191.13999938964844,230.35000610351562,121.43000030517578,194.0,232.47000122070312,119.68000030517578,189.75999450683594,229.35000610351562,119.9000015258789,190.9199981689453,231.02000427246094,185549500,28354600,46430700
2021-03-22,121.92239379882812,192.86000061035156,231.8091583251953,123.38999938964844,192.86000061035156,235.99000549316406,123.87000274658203,196.3300018310547,236.89999389648438,120.26000213623047,192.0,230.13999938964844,120.33000183105469,193.25999450683594,230.27000427246094,111912300,8838500,30127000
2021-03-23,121.0824966430664,188.72999572753906,233.37098693847656,122.54000091552734,188.72999572753906,237.5800018310547,124.23999786376953,192.33999633789062,241.0500030517578,122.13999938964844,187.97000122070312,237.07000732421875,123.33000183105469,191.58999633789062,237.49000549316406,95467100,10701200,31638400
2021-03-24,118.66163635253906,184.72000122070312,231.28857421875,120.08999633789062,184.72000122070312,235.4600067138672,122.9000015258789,190.5,238.0,120.06999969482422,184.63999938964844,235.32000732421875,122.81999969482422,190.05999755859375,237.85000610351562,88530500,13549100,25620100
2021-03-25,119.15568542480469,186.91000366210938,228.22381591796875,120.58999633789062,186.91000366210938,232.33999633789062,121.66000366210938,187.7100067138672,236.94000244140625,119.0,181.00999450683594,231.57000732421875,119.54000091552734,181.85000610351562,235.3000030517578,98844700,9609200,34061900
2021-03-26,119.76831817626953,185.9199981689453,232.2904815673828,121.20999908447266,185.9199981689453,236.47999572753906,121.4800033569336,188.97999572753906,236.7100067138672,118.91999816894531,182.57000732421875,231.5500030517578,120.3499984741211,188.8300018310547,231.5500030517578,94071200,10196100,25479900
2021-03-29,119.9461898803711,184.85000610351562,231.07244873046875,121.38999938964844,184.85000610351562,235.24000549316406,122.58000183105469,185.94000244140625,236.8000030517578,120.7300033569336,183.14999389648438,231.8800048828125,121.6500015258789,185.24000549316406,236.58999633789062,80819200,7544700,25227500
2021-03-30,118.47390747070312,185.52999877929688,227.7425079345703,119.9000015258789,185.52999877929688,231.85000610351562,120.4000015258789,186.32000732421875,233.85000610351562,118.86000061035156,183.55999755859375,231.10000610351562,120.11000061035156,183.8300018310547,233.52999877929688,85671900,5929700,24792000
2021-03-31,120.69713592529297,184.52000427246094,231.5930633544922,122.1500015258789,184.52000427246094,235.77000427246094,123.5199966430664,186.89999389648438,239.10000610351562,121.1500015258789,184.4199981689453,232.38999938964844,121.6500015258789,185.8300018310547,232.91000366210938,118323800,8478000,43623500
2021-04-01,121.53703308105469,188.97000122070312,238.05648803710938,123.0,188.97000122070312,242.35000610351562,124.18000030517578,189.10000610351562,242.83999633789062,122.48999786376953,185.58999633789062,238.0500030517578,123.66000366210938,186.42999267578125,238.47000122070312,75089100,7749400,30338000
2021-04-05,124.40254211425781,188.5,244.65745544433594,125.9000015258789,188.5,249.07000732421875,126.16000366210938,191.6699981689453,249.9600067138672,123.06999969482422,188.08999633789062,242.6999969482422,123.87000274658203,191.47000122070312,242.75999450683594,88651200,7405300,36910600
2021-04-06,124.70885467529297,189.72999572753906,243.4688720703125,126.20999908447266,189.72999572753906,247.86000061035156,127.12999725341797,191.27999877929688,249.39999389648438,125.6500015258789,187.8699951171875,246.8800048828125,126.5,188.5,247.61000061035156,80171300,7926200,22931900
2021-04-07,126.37875366210938,187.55999755859375,245.47271728515625,127.9000015258789,187.55999755859375,249.89999389648438,127.91999816894531,190.3300018310547,250.92999267578125,125.13999938964844,186.9499969482422,247.19000244140625,125.83000183105469,189.8000030517578,247.80999755859375,83466700,6238700,22719800
2021-04-08,128.8094940185547,187.32000732421875,248.7633819580078,130.36000061035156,187.32000732421875,253.25,130.38999938964844,188.0500030517578,254.13999938964844,128.52000427246094,185.6300048828125,252.0,128.9499969482422,187.1999969482422,252.77000427246094,88844600,7763000,23625200
2021-04-09,131.41807556152344,187.88999938964844,251.3173370361328,133.0,187.88999938964844,255.85000610351562,133.0399932861328,188.22000122070312,255.99000549316406,129.47000122070312,186.14999389648438,252.44000244140625,129.8000030517578,188.1699981689453,252.8699951171875,106686700,6089300,24326800
2021-04-12,129.67901611328125,186.49000549316406,251.3762664794922,131.24000549316406,186.49000549316406,255.91000366210938,132.85000610351562,187.85000610351562,257.6700134277344,130.6300048828125,185.47999572753906,254.6199951171875,132.52000427246094,187.75,254.7100067138672,91420000,6662500,27148700
2021-04-13,132.83108520507812,185.49000549316406,253.91058349609375,134.42999267578125,185.49000549316406,258.489990234375,134.66000366210938,186.44000244140625,259.19000244140625,131.92999267578125,184.60000610351562,256.8299865722656,132.44000244140625,185.58999633789062,257.260009765625,91266500,6826500,23837500
2021-04-14,130.45960998535156,187.4600067138672,251.0619354248047,132.02999877929688,187.4600067138672,255.58999633789062,135.0,190.39999389648438,258.8299865722656,131.66000366210938,185.7100067138672,255.16000366210938,134.94000244140625,185.97000122070312,257.4800109863281,87222800,9089900,23070900
2021-04-15,132.9002685546875,185.92999267578125,254.90267944335938,134.5,185.92999267578125,259.5,135.0,188.89999389648438,259.92999267578125,133.63999938964844,185.6999969482422,257.7300109863281,133.82000732421875,188.08999633789062,257.92999267578125,89347100,7262500,25627500
2021-04-16,132.56430053710938,187.25999450683594,256.1207275390625,134.16000366210938,187.25999450683594,260.739990234375,134.6699981689453,189.47000122070312,261.0,133.27999877929688,186.1999969482422,257.6000061035156,134.3000030517578,187.57000732421875,259.4700012207031,84922400,9453500,24878600
2021-04-19,133.2362060546875,187.42999267578125,254.15614318847656,134.83999633789062,187.42999267578125,258.739990234375,135.47000122070312,190.3300018310547,261.4800109863281,133.33999633789062,185.64999389648438,257.82000732421875,133.50999450683594,187.50999450683594,260.19000244140625,94264200,7625800,23209300
2021-04-20,131.5267791748047,182.7899932861328,253.6846160888672,133.11000061035156,182.7899932861328,258.260009765625,135.52999877929688,188.0800018310547,260.20001220703125,131.80999755859375,181.82000732421875,256.8399963378906,135.02000427246094,187.2899932861328,257.82000732421875,94812300,10765800,19722900
2021-04-21,131.91217041015625,183.11000061035156,255.96353149414062,133.5,183.11000061035156,260.5799865722656,133.75,183.3800048828125,260.67999267578125,131.3000030517578,178.86000061035156,257.25,132.36000061035156,181.2899932861328,258.94000244140625,68847100,8400200,24030400
2021-04-22,130.37069702148438,182.75999450683594,252.6139678955078,131.94000244140625,182.75999450683594,257.1700134277344,134.14999389648438,184.8800048828125,261.7799987792969,131.41000366210938,181.25999450683594,255.63999938964844,133.0399932861328,184.22000122070312,260.2099914550781,84566500,7378300,25606200
2021-04-23,132.72239685058594,183.02000427246094,256.5234375,134.32000732421875,183.02000427246094,261.1499938964844,135.1199951171875,183.89999389648438,261.510009765625,132.16000366210938,181.9600067138672,257.2699890136719,132.16000366210938,182.35000610351562,257.8800048828125,78657500,6075500,21462600
2021-04-26,133.1176300048828,184.27000427246094,256.9163513183594,134.72000122070312,184.27000427246094,261.54998779296875,135.05999755859375,185.60000610351562,262.44000244140625,133.55999755859375,183.25999450683594,260.1700134277344,134.8300018310547,183.9600067138672,261.6600036621094,66905100,6178300,19763300
2021-04-27,132.7915802001953,184.63999938964844,257.32891845703125,134.38999938964844,184.63999938964844,261.9700012207031,135.41000366210938,185.80999755859375,263.19000244140625,134.11000061035156,184.14999389648438,260.1199951171875,135.00999450683594,184.99000549316406,261.5799865722656,66015800,4870000,31014200
2021-04-28,131.9912109375,183.38999938964844,250.0501708984375,133.5800018310547,183.38999938964844,254.55999755859375,135.02000427246094,184.7899932861328,256.5400085449219,133.0800018310547,182.82000732421875,252.9499969482422,134.30999755859375,184.7899932861328,256.0799865722656,107760100,5199300,46903100
2021-04-29,131.8923797607422,185.3300018310547,248.0364990234375,133.47999572753906,185.3300018310547,252.50999450683594,137.07000732421875,185.5500030517578,256.1000061035156,132.4499969482422,182.75,249.0,136.47000122070312,184.8000030517578,255.4600067138672,151101000,5958300,40589000
2021-04-30,129.89642333984375,186.02000427246094,247.71234130859375,131.4600067138672,186.02000427246094,252.17999267578125,133.55999755859375,186.32000732421875,253.0800018310547,131.07000732421875,183.5399932861328,249.60000610351562,131.77999877929688,184.2899932861328,249.74000549316406,109839500,7866300,30945100
2021-05-03,130.9635467529297,185.50999450683594,247.39801025390625,132.5399932861328,185.50999450683594,251.86000061035156,134.07000732421875,189.22000122070312,254.35000610351562,131.8300018310547,185.25,251.1199951171875,132.0399932861328,187.69000244140625,253.39999389648438,75135100,7542800,19626600
2021-05-04,126.32933807373047,184.25,243.40011596679688,127.8499984741211,184.25,247.7899932861328,131.49000549316406,185.6300048828125,251.2100067138672,126.69999694824219,182.30999755859375,245.75999450683594,131.19000244140625,184.8699951171875,250.97000122070312,137564700,7069300,32756100
2021-05-05,126.57638549804688,181.50999450683594,242.10350036621094,128.10000610351562,181.50999450683594,246.47000122070312,130.4499969482422,185.00999450683594,249.5,127.97000122070312,181.36000061035156,245.82000732421875,129.1999969482422,185.00999450683594,249.05999755859375,84000900,5901700,21901300
2021-05-06,128.19688415527344,181.7899932861328,245.3057403564453,129.74000549316406,181.7899932861328,249.72999572753906,129.75,182.99000549316406,249.86000061035156,127.12999725341797,179.80999755859375,244.69000244140625,127.88999938964844,182.77999877929688,246.4499969482422,78128300,6944900,26491100
2021-05-07,128.87982177734375,184.83999633789062,247.9873809814453,130.2100067138672,184.83999633789062,252.4600067138672,131.25999450683594,185.1199951171875,254.3000030517578,129.47999572753906,181.50999450683594,251.1699981689453,130.85000610351562,182.0,252.14999389648438,78973300,6888400,27032900
2021-05-10,125.55413818359375,184.3000030517578,242.80091857910156,126.8499984741211,184.3000030517578,247.17999267578125,129.5399932861328,186.97000122070312,251.72999572753906,126.80999755859375,184.02999877929688,247.1199951171875,129.41000366210938,185.6999969482422,250.8699951171875,88071200,8260300,29299900
2021-05-11,124.62374877929688,181.6699981689453,241.8677520751953,125.91000366210938,181.6699981689453,246.22999572753906,126.2699966430664,182.25,246.60000610351562,122.7699966430664,178.42999267578125,242.57000732421875,123.5,181.8000030517578,244.5500030517578,126142800,10865600,33641600
2021-05-12,121.51581573486328,177.85000610351562,234.76583862304688,122.7699966430664,177.85000610351562,239.0,124.63999938964844,182.4600067138672,244.3800048828125,122.25,177.5800018310547,238.07000732421875,123.4000015258789,180.6999969482422,242.1699981689453,112172300,8988100,36684400
2021-05-13,123.69335174560547,178.33999633789062,238.7244415283203,124.97000122070312,178.33999633789062,243.02999877929688,126.1500015258789,180.75,245.60000610351562,124.26000213623047,175.8000030517578,241.4199981689453,124.58000183105469,178.3699951171875,241.8000030517578,105861300,12332200,29624300
2021-05-14,126.14800262451172,173.6999969482422,243.7537384033203,127.44999694824219,173.6999969482422,248.14999389648438,127.88999938964844,174.91000366210938,249.17999267578125,125.8499984741211,168.77999877929688,245.49000549316406,126.25,172.92999267578125,245.5800018310547,81918000,33149400,23901100
2021-05-17,124.98006439208984,170.0800018310547,240.83636474609375,126.2699966430664,170.0800018310547,245.17999267578125,126.93000030517578,172.99000549316406,246.58999633789062,125.16999816894531,168.57000732421875,243.52000427246094,126.81999969482422,172.6999969482422,246.5500030517578,74244600,17771600,24970200
2021-05-18,123.57457733154297,169.67999267578125,238.77354431152344,124.8499984741211,169.67999267578125,243.0800018310547,126.98999786376953,171.25999450683594,246.41000366210938,124.77999877929688,169.4499969482422,242.89999389648438,126.55999755859375,170.25999450683594,246.27000427246094,63342900,10401000,20168000
2021-05-19,123.41620635986328,169.27000427246094,239.3643035888672,124.69000244140625,169.27000427246094,243.1199951171875,124.91999816894531,169.39999389648438,243.22999572753906,122.86000061035156,167.10000610351562,238.60000610351562,123.16000366210938,167.7100067138672,239.30999755859375,92612000,9251000,25739800
2021-05-20,126.00943756103516,171.36000061035156,242.67237854003906,127.30999755859375,171.36000061035156,246.47999572753906,127.72000122070312,171.89999389648438,247.9499969482422,125.0999984741211,168.97999572753906,243.86000061035156,125.2300033569336,169.2100067138672,243.9600067138672,76857100,7400700,21800700
2021-05-21,124.14865112304688,172.39999389648438,241.3826141357422,125.43000030517578,172.39999389648438,245.1699981689453,128.0,173.1199951171875,248.3300018310547,125.20999908447266,171.52000427246094,244.74000549316406,127.81999969482422,172.22000122070312,247.57000732421875,79295400,8105700,21863100
2021-05-24,125.80158233642578,174.30999755859375,246.9059600830078,127.0999984741211,174.30999755859375,250.77999877929688,127.94000244140625,175.11000061035156,251.16000366210938,125.94000244140625,171.75,247.50999450683594,126.01000213623047,172.4499969482422,247.7899932861328,63092900,7346700,21411500
2021-05-25,125.60364532470703,176.1699981689453,247.83143615722656,126.9000015258789,176.1699981689453,251.72000122070312,128.32000732421875,177.4499969482422,252.75,126.31999969482422,175.39999389648438,250.82000732421875,127.81999969482422,175.60000610351562,251.77000427246094,72009500,8089700,17704300
2021-05-26,125.55413818359375,176.47000122070312,247.60499572753906,126.8499984741211,176.47000122070312,251.49000549316406,127.38999938964844,177.89999389648438,252.94000244140625,126.41999816894531,176.1999969482422,250.75,126.95999908447266,176.6199951171875,251.42999267578125,56575900,8086200,17771600
2021-05-27,124.00016784667969,179.0399932861328,245.45867919921875,125.27999877929688,179.0399932861328,249.30999755859375,127.63999938964844,179.58999633789062,251.47999572753906,125.08000183105469,176.7899932861328,249.25,126.44000244140625,177.1999969482422,251.1699981689453,94625600,13567800,24426200
2021-05-28,123.33702850341797,178.64999389648438,245.82296752929688,124.61000061035156,178.64999389648438,249.67999267578125,125.80000305175781,180.13999938964844,252.0800018310547,124.55000305175781,178.0800018310547,249.55999755859375,125.56999969482422,179.50999450683594,251.0,71311100,7124800,18270200
2021-06-01,123.0103988647461,178.83999633789062,243.57818603515625,124.27999877929688,178.83999633789062,247.39999389648438,125.3499984741211,181.00999450683594,251.2899932861328,123.94000244140625,178.74000549316406,246.9600067138672,125.08000183105469,180.17999267578125,251.22999572753906,67637100,7475600,23213300
2021-06-02,123.78242492675781,177.0,243.47972106933594,125.05999755859375,177.0,247.3000030517578,125.23999786376953,179.10000610351562,249.27000427246094,124.05000305175781,176.92999267578125,245.83999633789062,124.27999877929688,179.0399932861328,248.1300048828125,59278900,7851700,19406700
2021-06-03,122.2779541015625,176.24000549316406,241.914306640625,123.54000091552734,176.24000549316406,245.7100067138672,124.8499984741211,176.97000122070312,246.33999633789062,123.12999725341797,175.4199981689453,243.0,124.68000030517578,176.27000427246094,245.22000122070312,76229200,5583900,25307700
2021-06-04,124.60395050048828,177.17999267578125,246.91580200195312,125.88999938964844,177.17999267578125,250.7899932861328,126.16000366210938,177.52000427246094,251.64999389648438,123.8499984741211,175.61000061035156,247.50999450683594,124.06999969482422,175.92999267578125,247.75999450683594,75169300,6343400,25281100
2021-06-07,124.61385345458984,176.99000549316406,249.88917541503906,125.9000015258789,176.99000549316406,253.80999755859375,126.31999969482422,178.07000732421875,254.08999633789062,124.83000183105469,176.39999389648438,249.80999755859375,126.16999816894531,177.97000122070312,249.97999572753906,71057600,5178100,23079200
2021-06-08,125.44526672363281,176.3300018310547,248.66831970214844,126.73999786376953,176.3300018310547,252.57000732421875,128.4600067138672,177.1199951171875,256.010009765625,126.20999908447266,175.19000244140625,252.50999450683594,126.5999984741211,175.97000122070312,255.16000366210938,74403800,5356200,22455000
2021-06-09,125.8312759399414,176.0399932861328,249.67257690429688,127.12999725341797,176.0399932861328,253.58999633789062,127.75,177.3300018310547,255.52999877929688,126.5199966430664,175.8800048828125,253.2100067138672,127.20999908447266,176.30999755859375,253.80999755859375,56877900,5082400,17937600
2021-06-10,124.82170104980469,176.57000732421875,253.2661590576172,126.11000061035156,176.57000732421875,257.239990234375,128.19000244140625,177.61000061035156,257.4599914550781,125.94000244140625,175.5500030517578,253.6699981689453,127.0199966430664,176.44000244140625,254.2899932861328,71186400,5253000,24563600
2021-06-11,126.04902648925781,177.3800048828125,253.9061279296875,127.3499984741211,177.3800048828125,257.8900146484375,127.44000244140625,178.49000549316406,258.489990234375,126.0999984741211,176.80999755859375,256.6099853515625,126.52999877929688,177.4499969482422,257.989990234375,53522400,5476300,18999700
2021-06-14,129.14703369140625,178.17999267578125,255.87525939941406,130.47999572753906,178.17999267578125,259.8900146484375,130.5399932861328,178.8699951171875,259.95001220703125,127.06999969482422,176.89999389648438,256.79998779296875,127.81999969482422,177.64999389648438,257.8999938964844,96906500,10170000,19150500
2021-06-15,128.31564331054688,175.86000061035156,254.36883544921875,129.63999938964844,175.86000061035156,258.3599853515625,130.60000610351562,178.6999969482422,259.989990234375,129.38999938964844,175.6199951171875,257.67999267578125,129.94000244140625,178.17999267578125,259.7699890136719,62746300,7895000,18038900
2021-06-16,128.8204345703125,174.66000366210938,253.40399169921875,130.14999389648438,174.66000366210938,257.3800048828125,130.88999938964844,176.25999450683594,260.5799865722656,128.4600067138672,173.5500030517578,254.4199981689453,130.3699951171875,176.00999450683594,259.3999938964844,91815000,8336000,27220000
2021-06-17,130.4436492919922,174.64999389648438,256.8695983886719,131.7899932861328,174.64999389648438,260.8999938964844,132.5500030517578,176.25999450683594,261.75,129.64999389648438,173.83999633789062,256.010009765625,129.8000030517578,174.58999633789062,256.07000732421875,96721700,8906000,27565500
2021-06-18,129.1272735595703,172.4199981689453,255.4223175048828,130.4600067138672,172.4199981689453,259.42999267578125,131.50999450683594,173.86000061035156,262.29998779296875,130.24000549316406,172.1199951171875,258.75,130.7100067138672,173.13999938964844,259.6300048828125,108953300,12357500,37202200
2021-06-21,130.948486328125,173.97000122070312,258.5729064941406,132.3000030517578,173.97000122070312,262.6300048828125,132.41000366210938,174.25999450683594,263.5199890136719,129.2100067138672,171.30999755859375,257.9200134277344,130.3000030517578,172.1300048828125,259.82000732421875,79663300,9196900,26696100
2021-06-22,132.61129760742188,173.5,261.4084167480469,133.97999572753906,173.5,265.510009765625,134.0800018310547,174.6999969482422,265.7900085449219,131.6199951171875,172.35000610351562,262.3999938964844,132.1300048828125,174.3699951171875,262.7200012207031,74783600,8097100,24694100
2021-06-23,132.33416748046875,175.3300018310547,261.1720886230469,133.6999969482422,175.3300018310547,265.2699890136719,134.32000732421875,175.4499969482422,266.8299865722656,133.22999572753906,172.94000244140625,264.42999267578125,133.77000427246094,173.6199951171875,265.989990234375,60214200,9174200,19518700
2021-06-24,132.047119140625,177.92999267578125,262.5701904296875,133.41000366210938,177.92999267578125,266.69000244140625,134.63999938964844,178.24000549316406,267.8500061035156,132.92999267578125,175.77999877929688,265.4700012207031,134.4499969482422,176.1300048828125,266.1600036621094,68711000,7549400,21446900
2021-06-25,131.7501983642578,178.35000610351562,260.9259948730469,133.11000061035156,178.35000610351562,265.0199890136719,133.88999938964844,179.08999633789062,267.25,132.80999755859375,177.49000549316406,264.760009765625,133.4600067138672,178.8300018310547,266.2300109863281,70783700,7431800,25611100
2021-06-28,133.4031219482422,176.57000732421875,264.5688171386719,134.77999877929688,176.57000732421875,268.7200012207031,135.25,178.66000366210938,268.8999938964844,133.35000610351562,174.99000549316406,265.9100036621094,133.41000366210938,178.5,266.19000244140625,62111300,9881400,19590000
2021-06-29,134.9373016357422,173.92999267578125,267.2074279785156,136.3300018310547,173.92999267578125,271.3999938964844,136.49000549316406,177.02000427246094,271.6499938964844,134.35000610351562,173.8000030517578,267.9800109863281,134.8000030517578,176.63999938964844,268.8699951171875,64556100,13498300,19937800
2021-06-30,135.56085205078125,175.77000427246094,266.7151794433594,136.9600067138672,175.77000427246094,270.8999938964844,137.41000366210938,175.97999572753906,271.3599853515625,135.8699951171875,173.33999633789062,269.6000061035156,136.1699981689453,173.88999938964844,270.69000244140625,63261400,7481900,21656500
2021-07-01,135.86769104003906,177.25999450683594,267.4043273925781,137.27000427246094,177.25999450683594,271.6000061035156,137.3300018310547,177.60000610351562,271.8399963378906,135.75999450683594,174.60000610351562,269.6000061035156,136.60000610351562,175.35000610351562,269.6099853515625,52485800,5887100,16725300
2021-07-02,138.53021240234375,177.11000061035156,273.3608703613281,139.9600067138672,177.11000061035156,277.6499938964844,140.0,178.36000061035156,278.0,137.75,174.6199951171875,272.5,137.89999389648438,177.86000061035156,272.82000732421875,78852600,11099300,26458000
2021-07-06,140.56918334960938,173.69000244140625,273.3707580566406,142.02000427246094,173.69000244140625,277.6600036621094,143.14999389648438,177.0,279.3699951171875,140.07000732421875,172.22000122070312,274.29998779296875,140.07000732421875,176.75999450683594,278.0299987792969,108181800,11557900,31565600
2021-07-07,143.0931396484375,172.82000732421875,275.6056823730469,144.57000732421875,172.82000732421875,279.92999267578125,144.88999938964844,174.32000732421875,280.69000244140625,142.66000366210938,171.99000549316406,277.1499938964844,143.5399932861328,172.86000061035156,279.3999938964844,104911600,6757300,23260000
2021-07-08,141.77670288085938,172.8000030517578,273.13446044921875,143.24000549316406,172.8000030517578,277.4200134277344,144.05999755859375,173.75,278.7300109863281,140.6699981689453,169.80999755859375,274.8699951171875,141.5800018310547,170.17999267578125,276.8999938964844,105575500,6960100,24618600
2021-07-09,143.62759399414062,177.0399932861328,273.64642333984375,145.11000061035156,177.0399932861328,277.94000244140625,145.64999389648438,177.52000427246094,278.04998779296875,142.64999389648438,173.92999267578125,275.32000732421875,142.75,174.6999969482422,275.7200012207031,99890800,7873300,23916700
2021-07-12,143.02383422851562,184.3800048828125,273.0359802246094,144.5,184.3800048828125,277.32000732421875,146.32000732421875,184.99000549316406,279.7699890136719,144.0,177.3699951171875,276.5799865722656,146.2100067138672,177.7100067138672,279.1600036621094,76299700,21835500,18931700
2021-07-13,144.15219116210938,183.64999389648438,276.63946533203125,145.63999938964844,183.64999389648438,280.9800109863281,147.4600067138672,185.6699981689453,282.8500061035156,143.6300048828125,181.83999633789062,277.3900146484375,144.02999877929688,184.08999633789062,277.5199890136719,100827100,12534600,26120100
2021-07-14,147.62632751464844,183.4199981689453,278.14581298828125,149.14999389648438,183.4199981689453,282.510009765625,149.57000732421875,186.2899932861328,283.6600036621094,147.67999267578125,182.0800018310547,280.54998779296875,148.10000610351562,185.1999969482422,282.3500061035156,127050800,8787300,23113700
2021-07-15,146.96316528320312,184.14999389648438,276.6886901855469,148.47999572753906,184.14999389648438,281.0299987792969,150.0,185.4199981689453,282.510009765625,147.08999633789062,183.0500030517578,279.8299865722656,149.24000549316406,183.4499969482422,282.0,106820300,7867000,22604200
2021-07-16,144.89453125,179.30999755859375,276.4129638671875,146.38999938964844,179.30999755859375,280.75,149.75999450683594,185.2899932861328,284.1000061035156,145.8800048828125,178.9199981689453,279.4599914550781,148.4600067138672,184.94000244140625,282.07000732421875,93251400,8348800,26186800
2021-07-19,140.9947967529297,172.9499969482422,272.73077392578125,142.4499969482422,172.9499969482422,277.010009765625,144.07000732421875,176.47999572753906,280.3699951171875,141.6699981689453,172.16000366210938,274.45001220703125,143.75,175.7100067138672,278.92999267578125,121434600,14651800,32935600
2021-07-20,144.656982421875,176.75,275.00506591796875,146.14999389648438,176.75,279.32000732421875,147.10000610351562,177.50999450683594,280.9700012207031,142.9600067138672,172.8699951171875,276.260009765625,143.4600067138672,173.6999969482422,278.0299987792969,96350000,8372400,26259700
2021-07-21,143.91464233398438,176.88999938964844,277.0529479980469,145.39999389648438,176.88999938964844,281.3999938964844,146.1300048828125,177.89999389648438,281.5199890136719,144.6300048828125,175.32000732421875,277.2900085449219,145.52999877929688,176.5,278.8999938964844,74993500,6302200,24364300
2021-07-22,145.30035400390625,175.1300048828125,281.7197265625,146.8000030517578,175.1300048828125,286.1400146484375,148.1999969482422,176.72000122070312,286.4200134277344,145.80999755859375,173.89999389648438,283.4200134277344,145.94000244140625,176.6999969482422,283.8399963378906,77338200,5713700,23384100
2021-07-23,147.04237365722656,176.13999938964844,285.1952209472656,148.55999755859375,176.13999938964844,289.6700134277344,148.72000122070312,176.5,289.989990234375,146.9199981689453,174.02999877929688,286.5,147.5500030517578,175.66000366210938,287.3699951171875,71447400,5126300,22768100
2021-07-26,147.4679718017578,178.74000549316406,284.5847473144531,148.99000549316406,178.74000549316406,289.04998779296875,149.8300018310547,178.77999877929688,289.69000244140625,147.6999969482422,175.33999633789062,286.6400146484375,148.27000427246094,175.6199951171875,289.0,72434100,5641000,23176100
2021-07-27,145.27066040039062,179.5,282.113525390625,146.77000427246094,179.5,286.5400085449219,149.2100067138672,179.55999755859375,289.5799865722656,145.5500030517578,176.57000732421875,282.95001220703125,149.1199951171875,178.25,289.42999267578125,104818600,6684100,33604100
2021-07-28,143.49893188476562,179.10000610351562,281.7984619140625,144.97999572753906,179.10000610351562,286.2200012207031,146.97000122070312,180.35000610351562,290.1499938964844,142.5399932861328,177.5500030517578,283.8299865722656,144.80999755859375,179.69000244140625,288.989990234375,118931200,5926900,33566900
2021-07-29,144.15219116210938,178.35000610351562,282.0741882324219,145.63999938964844,178.35000610351562,286.5,146.5500030517578,181.4199981689453,288.6199951171875,144.5800018310547,178.27000427246094,286.0799865722656,144.69000244140625,179.80999755859375,286.239990234375,56699500,6209100,18168300
2021-07-30,144.36993408203125,176.02000427246094,280.5086975097656,145.86000061035156,176.02000427246094,284.9100036621094,146.3300018310547,179.1999969482422,286.6600036621094,144.11000061035156,175.13999938964844,283.9100036621094,144.3800048828125,177.52999877929688,285.1700134277344,70440600,6813400,20944800
2021-08-02,144.03343200683594,175.5500030517578,280.4201354980469,145.52000427246094,175.5500030517578,284.82000732421875,146.9499969482422,178.82000732421875,286.7699890136719,145.25,175.30999755859375,283.739990234375,146.36000061035156,177.22000122070312,286.3599853515625,62880000,5847200,16267400
2021-08-03,145.8546142578125,172.99000549316406,282.6845397949219,147.36000061035156,172.99000549316406,287.1199951171875,148.0399932861328,176.1300048828125,287.2300109863281,145.17999267578125,170.9199981689453,284.0,145.80999755859375,176.02000427246094,285.4200134277344,64786600,9931300,17879000
2021-08-04,145.4488067626953,172.5800018310547,282.0840148925781,146.9499969482422,172.5800018310547,286.510009765625,147.7899932861328,173.25,287.5899963378906,146.27999877929688,171.33999633789062,284.6499938964844,147.27000427246094,172.5,286.2200012207031,56368300,5665800,16191300
2021-08-05,145.55767822265625,176.7100067138672,285.0475158691406,147.05999755859375,176.7100067138672,289.5199890136719,147.83999633789062,177.1199951171875,289.6300048828125,146.1699981689453,172.49000549316406,286.1000061035156,146.97999572753906,172.49000549316406,286.8800048828125,46397700,8864200,13900200
2021-08-06,144.8638153076172,177.1300048828125,284.9884338378906,146.13999938964844,177.1300048828125,289.4599914550781,147.11000061035156,178.80999755859375,289.5,145.6300048828125,176.6300048828125,287.6199951171875,146.35000610351562,177.42999267578125,288.510009765625,54126800,5505200,16589300
2021-08-09,144.81422424316406,176.72000122070312,283.8758850097656,146.08999633789062,176.72000122070312,288.3299865722656,146.6999969482422,177.30999755859375,291.54998779296875,145.52000427246094,175.05999755859375,287.80999755859375,146.1999969482422,177.0,289.75,48908700,5339000,16117600
2021-08-10,144.32850646972656,177.07000732421875,282.0150451660156,145.60000610351562,177.07000732421875,286.44000244140625,147.7100067138672,177.39999389648438,289.25,145.3000030517578,175.5800018310547,285.20001220703125,146.44000244140625,176.25,288.79998779296875,69023100,5185000,18616600
2021-08-11,144.58624267578125,178.08999633789062,282.5172424316406,145.86000061035156,178.08999633789062,286.95001220703125,146.72000122070312,178.49000549316406,288.6600036621094,145.52999877929688,176.50999450683594,285.8599853515625,146.0500030517578,177.36000061035156,287.2099914550781,48493500,5359900,13955900
2021-08-12,147.5897979736328,179.2899932861328,285.3329772949219,148.88999938964844,179.2899932861328,289.80999755859375,149.0500030517578,179.72000122070312,289.9700012207031,145.83999633789062,176.4499969482422,286.3399963378906,146.19000244140625,178.08999633789062,286.6300048828125,72282600,11081300,14561300
2021-08-13,147.79795837402344,181.0800018310547,288.3260803222656,149.10000610351562,181.0800018310547,292.8500061035156,149.44000244140625,187.5800018310547,292.8999938964844,148.27000427246094,180.8800048828125,289.29998779296875,148.97000122070312,186.2899932861328,289.4800109863281,59375000,32504600,18249000
2021-08-16,149.80030822753906,179.08999633789062,290.049072265625,151.1199951171875,179.08999633789062,294.6000061035156,151.19000244140625,180.58999633789062,294.82000732421875,146.47000122070312,176.50999450683594,290.0199890136719,148.5399932861328,180.50999450683594,293.19000244140625,103296000,8746700,22507600
2021-08-17,148.87843322753906,175.8300018310547,288.552490234375,150.19000244140625,175.8300018310547,293.0799865722656,151.67999267578125,178.4499969482422,293.42999267578125,149.08999633789062,174.9199981689453,291.0799865722656,150.22999572753906,177.14999389648438,292.3900146484375,92229700,8534500,20075300
2021-08-18,145.08189392089844,174.74000549316406,286.7868347167969,146.36000061035156,174.74000549316406,290.7300109863281,150.72000122070312,176.7899932861328,294.82000732421875,146.14999389648438,174.5,290.2699890136719,149.8000030517578,175.89999389648438,292.0400085449219,86326000,7063500,21813000
2021-08-19,145.4188995361328,173.25,292.7448425292969,146.6999969482422,173.25,296.7699890136719,148.0,174.67999267578125,297.4700012207031,144.5,172.55999755859375,288.6400146484375,145.02999877929688,174.0,288.69000244140625,86960300,8478600,29850500
2021-08-20,146.89590454101562,175.1199951171875,300.23193359375,148.19000244140625,175.1199951171875,304.3599853515625,148.5,175.2100067138672,305.8399963378906,146.77999877929688,172.64999389648438,298.05999755859375,147.44000244140625,173.0,299.7200012207031,60549600,6239600,40817600
2021-08-23,148.40261840820312,177.66000366210938,300.5179748535156,149.7100067138672,177.66000366210938,304.6499938964844,150.19000244140625,178.30999755859375,305.3999938964844,147.88999938964844,175.91000366210938,301.8500061035156,148.30999755859375,177.0800018310547,303.25,60131800,7395900,22830200
2021-08-24,148.3134002685547,178.47000122070312,298.5155334472656,149.6199951171875,178.47000122070312,302.6199951171875,150.86000061035156,180.0800018310547,305.6499938964844,149.14999389648438,177.75999450683594,302.0,149.4499969482422,177.9199981689453,305.0199890136719,48606400,5886900,18175800
2021-08-25,147.06443786621094,178.30999755859375,297.913818359375,148.36000061035156,178.30999755859375,302.010009765625,150.32000732421875,178.58999633789062,304.5899963378906,147.8000030517578,176.8800048828125,300.4200134277344,149.80999755859375,178.16000366210938,304.29998779296875,58991300,4842100,20006100
2021-08-26,146.2515869140625,176.55999755859375,295.0334167480469,147.5399932861328,176.55999755859375,299.0899963378906,149.1199951171875,178.94000244140625,302.42999267578125,147.50999450683594,176.33999633789062,298.95001220703125,148.35000610351562,178.33999633789062,300.989990234375,48597200,4563000,17666100
2021-08-27,147.30235290527344,180.13999938964844,295.6548767089844,148.60000610351562,180.13999938964844,299.7200012207031,148.75,180.5399932861328,300.8699951171875,146.8300018310547,176.27999877929688,296.8299865722656,147.47999572753906,176.27999877929688,298.989990234375,55802400,8697000,22605700
2021-08-30,151.7828369140625,179.97999572753906,299.47235107421875,153.1199951171875,179.97999572753906,303.5899963378906,153.49000549316406,181.38999938964844,304.2200012207031,148.61000061035156,178.8699951171875,301.05999755859375,149.0,180.5,301.1199951171875,90956700,6421300,16348100
2021-08-31,150.50411987304688,181.3000030517578,297.7856140136719,151.8300018310547,181.3000030517578,301.8800048828125,152.8000030517578,182.97999572753906,304.5,151.2899932861328,178.52999877929688,301.5,152.66000366210938,179.25,304.4200134277344,86453100,8620000,26285300
2021-09-01,151.17816162109375,183.47999572753906,297.7362365722656,152.50999450683594,183.47999572753906,301.8299865722656,154.97999572753906,184.2100067138672,305.19000244140625,152.33999633789062,181.77999877929688,301.489990234375,152.8300018310547,181.9600067138672,302.8699951171875,80313700,7302800,18983800
2021-09-02,152.30821228027344,181.86000061035156,297.0654296875,153.64999389648438,181.86000061035156,301.1499938964844,154.72000122070312,185.3000030517578,303.3599853515625,152.39999389648438,181.5500030517578,300.17999267578125,153.8699951171875,184.16000366210938,302.20001220703125,71115500,6492600,16285600
2021-09-03,152.95254516601562,181.0,297.05560302734375,154.3000030517578,181.0,301.1400146484375,154.6300048828125,181.82000732421875,302.6000061035156,153.08999633789062,179.1300048828125,300.260009765625,153.75999450683594,181.82000732421875,300.989990234375,57808700,6847400,14747900
2021-09-07,155.32167053222656,184.33999633789062,296.1086120605469,156.69000244140625,184.33999633789062,300.17999267578125,157.25999450683594,185.5500030517578,301.0899963378906,154.38999938964844,180.0500030517578,298.20001220703125,154.97000122070312,181.02000427246094,301.010009765625,82278300,10702900,17180400
2021-09-08,153.75547790527344,185.14999389648438,296.1382141113281,155.11000061035156,185.14999389648438,300.2099914550781,157.0399932861328,187.4600067138672,300.6099853515625,153.97999572753906,183.9199981689453,297.4700012207031,156.97999572753906,184.33999633789062,299.7799987792969,74420200,8634000,15046800
2021-09-09,152.7245635986328,185.91000366210938,293.2183532714844,154.07000732421875,185.91000366210938,297.25,156.11000061035156,187.5800018310547,302.1400146484375,153.9499969482422,184.57000732421875,297.0,155.49000549316406,185.14999389648438,300.82000732421875,57305700,7190700,19927000
2021-09-10,147.66909790039062,184.1199951171875,291.6992492675781,148.97000122070312,184.1199951171875,295.7099914550781,155.47999572753906,187.10000610351562,299.9200134277344,148.6999969482422,184.00999450683594,295.3800048828125,155.0,186.36000061035156,298.4200134277344,140893200,5572200,19633400
2021-09-13,148.24403381347656,184.97999572753906,292.96185302734375,149.5500030517578,184.97999572753906,296.989990234375,151.4199981689453,185.8000030517578,298.5400085449219,148.75,183.5,294.0799865722656,150.6300048828125,185.1199951171875,297.54998779296875,102404300,6818200,23652900
2021-09-14,146.82650756835938,182.39999389648438,295.7239685058594,148.1199951171875,182.39999389648438,299.7900085449219,151.07000732421875,185.1300048828125,301.3900146484375,146.91000366210938,182.14999389648438,298.1000061035156,150.35000610351562,184.9600067138672,299.55999755859375,109296300,6185900,21853400
2021-09-15,147.72857666015625,184.41000366210938,300.6856994628906,149.02999877929688,184.41000366210938,304.82000732421875,149.44000244140625,184.66000366210938,305.32000732421875,146.3699951171875,181.10000610351562,301.82000732421875,148.55999755859375,182.05999755859375,303.260009765625,83281300,5933400,28356300
2021-09-16,147.49066162109375,183.33999633789062,301.08026123046875,148.7899932861328,183.33999633789062,305.2200012207031,148.97000122070312,184.63999938964844,305.30999755859375,147.22000122070312,182.1199951171875,300.760009765625,148.44000244140625,183.97000122070312,303.760009765625,68034100,5678200,19550800
2021-09-17,144.7844696044922,183.47000122070312,295.8028259277344,146.05999755859375,183.47000122070312,299.8699951171875,148.82000732421875,185.89999389648438,304.5,145.75999450683594,182.72999572753906,299.5299987792969,148.82000732421875,182.91000366210938,304.1700134277344,129868800,10035100,41372500
2021-09-20,141.69175720214844,178.61000061035156,290.3083801269531,142.94000244140625,178.61000061035156,294.29998779296875,144.83999633789062,180.8800048828125,298.7200012207031,141.27000427246094,176.5500030517578,289.5199890136719,143.8000030517578,179.74000549316406,296.3299865722656,123478900,8056600,38278700
2021-09-21,142.1774444580078,171.1699981689453,290.80157470703125,143.42999267578125,171.1699981689453,294.79998779296875,144.60000610351562,182.22999572753906,297.5400085449219,142.77999877929688,169.02999877929688,294.07000732421875,143.92999267578125,180.32000732421875,295.69000244140625,75834000,23216000,22364100
2021-09-22,144.5763397216797,173.64999389648438,294.5302734375,145.85000610351562,173.64999389648438,298.5799865722656,146.42999267578125,175.33999633789062,300.2200012207031,143.6999969482422,171.66000366210938,294.510009765625,144.4499969482422,172.94000244140625,296.7300109863281,76404300,14214500,26626300
2021-09-23,145.5477752685547,176.25,295.4970397949219,146.8300018310547,176.25,299.55999755859375,147.0800018310547,177.19000244140625,300.8999938964844,145.63999938964844,174.3699951171875,297.5299987792969,146.64999389648438,174.94000244140625,298.8500061035156,64838200,8052900,18604600
2021-09-24,145.63697814941406,176.0,295.2898864746094,146.9199981689453,176.0,299.3500061035156,147.47000122070312,176.6999969482422,299.79998779296875,145.55999755859375,175.0800018310547,296.92999267578125,145.66000366210938,175.3000030517578,298.2300109863281,53477900,5712800,14999000
2021-09-27,144.10052490234375,178.25999450683594,290.18017578125,145.3699951171875,178.25999450683594,294.1700134277344,145.9600067138672,179.4499969482422,296.4700012207031,143.82000732421875,175.9600067138672,292.94000244140625,145.47000122070312,176.6300048828125,296.1400146484375,74150700,7755000,23571700
2021-09-28,140.67074584960938,174.52000427246094,279.674560546875,141.91000366210938,174.52000427246094,283.5199890136719,144.75,178.0,290.7799987792969,141.69000244140625,173.86000061035156,282.75,143.25,177.75,289.79998779296875,108972300,9133100,43186200
2021-09-29,141.58270263671875,172.67999267578125,280.1480712890625,142.8300018310547,172.67999267578125,284.0,144.4499969482422,174.9600067138672,286.7699890136719,142.02999877929688,172.58999633789062,283.010009765625,142.47000122070312,174.25,285.1000061035156,74602000,6240800,26353700
2021-09-30,140.26431274414062,169.1699981689453,278.0963134765625,141.5,169.1699981689453,281.9200134277344,144.3800048828125,173.67999267578125,287.8299865722656,141.27999877929688,169.10000610351562,281.6199951171875,143.66000366210938,173.10000610351562,285.7099914550781,89056700,13978000,32343600
2021-10-01,141.40426635742188,176.00999450683594,285.1789245605469,142.64999389648438,176.00999450683594,289.1000061035156,142.9199981689453,177.32000732421875,289.9800109863281,139.11000061035156,171.97000122070312,281.2900085449219,141.89999389648438,172.27999877929688,282.1199951171875,94639600,12165000,30086300
2021-10-04,137.92491149902344,173.4600067138672,279.2701110839844,139.13999938964844,173.4600067138672,283.1099853515625,142.2100067138672,175.9600067138672,287.75,138.27000427246094,172.6699981689453,280.25,141.75999450683594,175.55999755859375,287.3999938964844,98322000,7200600,31350700
2021-10-05,139.8777313232422,174.61000061035156,284.8435363769531,141.11000061035156,174.61000061035156,288.760009765625,142.24000549316406,176.24000549316406,290.3999938964844,139.36000061035156,173.61000061035156,284.04998779296875,139.49000549316406,173.8300018310547,284.04998779296875,80861100,6798200,24993000
2021-10-06,140.75994873046875,175.47999572753906,289.1344909667969,142.0,175.47999572753906,293.1099853515625,142.14999389648438,175.7100067138672,293.6300048828125,138.3699951171875,171.5500030517578,285.510009765625,139.47000122070312,173.0,285.7799987792969,83221100,6005200,28002600
2021-10-07,142.03868103027344,177.7100067138672,290.8509521484375,143.2899932861328,177.7100067138672,294.8500061035156,144.22000122070312,179.6300048828125,296.6400146484375,142.72000122070312,177.3300018310547,293.9200134277344,143.05999755859375,177.6999969482422,295.17999267578125,61732700,7780000,20430500
2021-10-08,141.652099609375,176.74000549316406,290.8509521484375,142.89999389648438,176.74000549316406,294.8500061035156,144.17999267578125,178.60000610351562,296.6400146484375,142.55999755859375,176.39999389648438,293.760009765625,144.02999877929688,177.92999267578125,296.2200012207031,58773200,4132200,17685700
2021-10-11,141.56288146972656,173.52000427246094,290.23931884765625,142.80999755859375,173.52000427246094,294.2300109863281,144.80999755859375,176.52000427246094,297.9700012207031,141.80999755859375,173.47999572753906,292.75,142.27000427246094,176.02000427246094,292.9200134277344,64452200,8046300,19298600
2021-10-12,140.27423095703125,173.1300048828125,288.90765380859375,141.50999450683594,173.1300048828125,292.8800048828125,143.25,174.49000549316406,295.44000244140625,141.0399932861328,172.5500030517578,292.3500061035156,143.22999572753906,173.6199951171875,295.3399963378906,73035900,5188400,17974100
2021-10-13,139.67947387695312,172.9600067138672,292.29107666015625,140.91000366210938,172.9600067138672,296.30999755859375,141.39999389648438,173.6999969482422,297.2799987792969,139.1999969482422,170.94000244140625,293.489990234375,141.24000549316406,173.6300048828125,294.9100036621094,78762700,8914700,23416300
2021-10-14,142.5045928955078,174.41000366210938,298.6437683105469,143.75999450683594,174.41000366210938,302.75,143.8800048828125,176.02000427246094,303.2699890136719,141.50999450683594,174.0,297.8299865722656,142.11000061035156,174.07000732421875,299.2099914550781,69907100,7450200,27262900
2021-10-15,143.5751495361328,176.4600067138672,300.08392333984375,144.83999633789062,176.4600067138672,304.2099914550781,144.89999389648438,178.88999938964844,304.45001220703125,143.50999450683594,174.10000610351562,300.5199890136719,143.77000427246094,175.69000244140625,302.3399963378906,67940300,13943900,25384800
2021-10-18,145.27023315429688,171.13999938964844,303.1222229003906,146.5500030517578,171.13999938964844,307.2900085449219,146.83999633789062,173.33999633789062,308.2099914550781,143.16000366210938,169.8000030517578,302.69000244140625,143.4499969482422,172.36000061035156,303.57000732421875,85589200,20494800,22729300
2021-10-19,147.4608917236328,171.17999267578125,304.0494689941406,148.75999450683594,171.17999267578125,308.2300109863281,149.1699981689453,171.5800018310547,309.29998779296875,146.5500030517578,170.17999267578125,307.2200012207031,147.00999450683594,171.44000244140625,308.3500061035156,76378900,9669500,17682100
2021-10-20,147.95655822753906,170.5500030517578,303.2405700683594,149.25999450683594,170.5500030517578,307.4100036621094,149.75,171.02000427246094,309.70001220703125,148.1199951171875,169.8800048828125,306.1099853515625,148.6999969482422,170.97000122070312,309.2099914550781,58418800,9737600,16537100
2021-10-21,148.17462158203125,171.33999633789062,306.5451354980469,149.47999572753906,171.33999633789062,310.760009765625,149.63999938964844,172.5,311.0199890136719,147.8699951171875,170.10000610351562,306.3599853515625,148.80999755859375,170.1999969482422,307.1700134277344,61421000,7509000,16918100
2021-10-22,147.39154052734375,169.4199981689453,304.966796875,148.69000244140625,169.4199981689453,309.1600036621094,150.17999267578125,170.8000030517578,311.0899963378906,148.63999938964844,168.60000610351562,307.79998779296875,149.69000244140625,170.57000732421875,310.3999938964844,58883400,7854300,17449300
2021-10-25,147.3419647216797,172.00999450683594,303.9508056640625,148.63999938964844,172.00999450683594,308.1300048828125,149.3699951171875,172.57000732421875,309.3999938964844,147.6199951171875,169.02999877929688,306.4599914550781,148.67999267578125,169.89999389648438,309.3599853515625,50720600,9798700,17554500
2021-10-26,148.01605224609375,172.0399932861328,305.9039001464844,149.32000732421875,172.0399932861328,310.1099853515625,150.83999633789062,173.1199951171875,312.3999938964844,149.00999450683594,170.7100067138672,308.6000061035156,149.3300018310547,172.9499969482422,311.0,60893400,5850200,28107300
2021-10-27,147.55015563964844,169.5500030517578,318.7868347167969,148.85000610351562,169.5500030517578,323.1700134277344,149.72999572753906,172.0399932861328,326.1000061035156,148.49000549316406,169.42999267578125,316.0,149.36000061035156,171.77000427246094,316.0,56094900,7054700,52588700
2021-10-28,151.23765563964844,169.67999267578125,319.9507751464844,152.57000732421875,169.67999267578125,324.3500061035156,153.1699981689453,170.35000610351562,324.8699951171875,149.72000122070312,168.60000610351562,321.3599853515625,149.82000732421875,169.47999572753906,324.3299865722656,100077900,7884500,26297900
2021-10-29,148.49185180664062,169.07000732421875,327.1221923828125,149.8000030517578,169.07000732421875,331.6199951171875,149.94000244140625,170.4600067138672,332.0,146.41000366210938,168.14999389648438,323.8999938964844,147.22000122070312,169.02000427246094,324.1300048828125,124953200,7598800,34766000
2021-11-01,147.6591796875,170.19000244140625,324.9027404785156,148.9600067138672,170.19000244140625,329.3699951171875,149.6999969482422,171.25,331.489990234375,147.8000030517578,169.08999633789062,326.3699951171875,148.99000549316406,169.2100067138672,331.3599853515625,74588300,8182900,27073200
2021-11-02,148.70993041992188,169.8300018310547,328.61175537109375,150.02000427246094,169.8300018310547,333.1300048828125,151.57000732421875,170.85000610351562,333.45001220703125,148.64999389648438,168.97999572753906,330.0,148.66000366210938,170.02999877929688,330.30999755859375,69122000,6777200,26487100
2021-11-03,150.16708374023438,170.0800018310547,329.4699401855469,151.49000549316406,170.0800018310547,334.0,151.97000122070312,170.19000244140625,334.8999938964844,149.82000732421875,168.3699951171875,330.6499938964844,150.38999938964844,169.6999969482422,333.8999938964844,54511500,6829300,21500100
2021-11-04,149.64170837402344,170.27999877929688,331.8768615722656,150.9600067138672,170.27999877929688,336.44000244140625,152.42999267578125,170.4199981689453,336.5400085449219,150.63999938964844,168.6699981689453,329.510009765625,151.5800018310547,170.02999877929688,332.8900146484375,60394600,7505500,23992200
2021-11-05,150.1777801513672,175.6300048828125,331.5019226074219,151.27999877929688,175.6300048828125,336.05999755859375,152.1999969482422,176.99000549316406,338.7900085449219,150.05999755859375,172.3300018310547,334.4200134277344,151.88999938964844,173.5,338.510009765625,65463900,16859200,22570100
2021-11-08,149.34388732910156,176.8699951171875,332.41937255859375,150.44000244140625,176.8699951171875,336.989990234375,151.57000732421875,179.25,337.6499938964844,150.16000366210938,176.10000610351562,334.44000244140625,151.41000366210938,178.69000244140625,337.29998779296875,55020900,10584600,20897000
2021-11-09,149.71119689941406,175.11000061035156,331.39349365234375,150.80999755859375,175.11000061035156,335.95001220703125,151.42999267578125,177.1199951171875,338.7200012207031,150.05999755859375,173.2100067138672,334.5299987792969,150.1999969482422,176.9499969482422,337.1099853515625,56787900,7293300,21307400
2021-11-10,146.84225463867188,174.4499969482422,326.31329345703125,147.9199981689453,174.4499969482422,330.79998779296875,150.1300048828125,176.8699951171875,334.6300048828125,147.85000610351562,173.8699951171875,329.9200134277344,150.02000427246094,174.69000244140625,334.57000732421875,65187100,11045800,25500900
2021-11-11,146.79261779785156,162.11000061035156,327.92120361328125,147.8699951171875,162.11000061035156,332.42999267578125,149.42999267578125,163.9600067138672,333.7699890136719,147.67999267578125,158.3300018310547,330.510009765625,148.9600067138672,162.88999938964844,331.25,41000000,62366500,16849800
2021-11-12,148.89718627929688,159.6300048828125,332.1530456542969,149.99000549316406,159.6300048828125,336.7200012207031,150.39999389648438,163.61000061035156,337.2300109863281,147.47999572753906,158.92999267578125,333.7900085449219,148.42999267578125,163.52000427246094,333.9200134277344,63804000,25638400,23831000
2021-11-15,148.9071044921875,158.42999267578125,331.51190185546875,150.0,158.42999267578125,336.07000732421875,151.8800048828125,160.72000122070312,337.8800048828125,149.42999267578125,157.66000366210938,334.0299987792969,150.3699951171875,160.08999633789062,337.5400085449219,59222800,21285300,16723000
2021-11-16,149.89981079101562,158.8300018310547,334.9052429199219,151.0,158.8300018310547,339.510009765625,151.49000549316406,160.24000549316406,340.6700134277344,149.33999633789062,158.5500030517578,335.510009765625,149.94000244140625,159.05999755859375,335.67999267578125,59256200,15516200,20886800
2021-11-17,152.37168884277344,157.3300018310547,335.1324768066406,153.49000549316406,157.3300018310547,339.1199951171875,155.0,158.88999938964844,342.19000244140625,150.99000549316406,156.75,338.0,151.0,158.72999572753906,338.94000244140625,88807000,14695500,19053400
2021-11-18,156.71975708007812,155.5800018310547,337.2572021484375,157.8699951171875,155.5800018310547,341.2699890136719,158.6699981689453,157.3000030517578,342.45001220703125,153.0500030517578,153.7100067138672,337.1199951171875,153.7100067138672,157.08999633789062,338.17999267578125,137827700,14487700,22463500
2021-11-19,159.3802490234375,154.0,339.0755615234375,160.5500030517578,154.0,343.1099853515625,161.02000427246094,155.2100067138672,345.1000061035156,156.52999877929688,152.77000427246094,342.20001220703125,157.64999389648438,155.02000427246094,342.6400146484375,117305600,16776500,21963400
2021-11-22,159.84681701660156,154.16000366210938,335.83416748046875,161.02000427246094,154.16000366210938,339.8299865722656,165.6999969482422,155.82000732421875,349.6700134277344,161.0,152.57000732421875,339.54998779296875,161.67999267578125,153.22999572753906,344.6199951171875,117467900,12790400,31031100
2021-11-23,160.23397827148438,151.02999877929688,333.70941162109375,161.41000366210938,151.02999877929688,337.67999267578125,161.8000030517578,154.25,339.45001220703125,159.05999755859375,150.19000244140625,333.55999755859375,161.1199951171875,153.83999633789062,337.04998779296875,96041900,17382900,30427600
2021-11-24,160.76011657714844,151.33999633789062,333.93670654296875,161.94000244140625,151.33999633789062,337.9100036621094,162.13999938964844,151.41000366210938,338.1600036621094,159.63999938964844,148.8000030517578,333.9100036621094,160.75,150.69000244140625,336.2799987792969,69463600,14123700,21661300
2021-11-26,155.66748046875,148.11000061035156,325.803466796875,156.80999755859375,148.11000061035156,329.67999267578125,160.4499969482422,148.85000610351562,337.92999267578125,156.36000061035156,145.85000610351562,328.1199951171875,159.57000732421875,146.8000030517578,334.3500061035156,76959800,12027700,24217200
2021-11-29,159.072509765625,147.80999755859375,332.6717529296875,160.24000549316406,147.80999755859375,336.6300048828125,161.19000244140625,149.3000030517578,339.0299987792969,158.7899932861328,144.25,334.739990234375,159.3699951171875,148.80999755859375,334.94000244140625,88748200,21231300,28563500
2021-11-30,164.09561157226562,144.89999389648438,326.7027587890625,165.3000030517578,144.89999389648438,330.5899963378906,165.52000427246094,147.27999877929688,337.7799987792969,159.9199981689453,143.11000061035156,328.989990234375,159.99000549316406,146.72000122070312,335.32000732421875,174048100,26011100,42885600
2021-12-01,163.56948852539062,142.14999389648438,326.1987609863281,164.77000427246094,142.14999389648438,330.0799865722656,170.3000030517578,148.3699951171875,339.2799987792969,164.52999877929688,142.0399932861328,329.3900146484375,167.47999572753906,146.6999969482422,335.1300048828125,152052500,16469000,33337600
2021-12-02,162.5668487548828,147.1999969482422,325.61572265625,163.75999450683594,147.1999969482422,329.489990234375,164.1999969482422,147.64999389648438,333.489990234375,157.8000030517578,142.77000427246094,327.79998779296875,158.74000549316406,142.83999633789062,330.29998779296875,136739200,18177700,30766000
2021-12-03,160.66082763671875,146.22000122070312,319.2119140625,161.83999633789062,146.22000122070312,323.010009765625,164.9600067138672,148.32000732421875,332.70001220703125,159.72000122070312,144.32000732421875,318.0299987792969,164.02000427246094,147.80999755859375,331.989990234375,118023100,14975600,41779300
2021-12-06,164.115478515625,150.3699951171875,322.3544921875,165.32000732421875,150.3699951171875,326.19000244140625,167.8800048828125,150.74000549316406,327.45001220703125,164.27999877929688,146.6699981689453,319.2300109863281,164.2899932861328,147.27999877929688,323.95001220703125,107497000,14333900,30032600
2021-12-07,169.93276977539062,150.80999755859375,330.98187255859375,171.17999267578125,150.80999755859375,334.9200134277344,171.5800018310547,152.75999450683594,335.79998779296875,168.33999633789062,149.72000122070312,330.1000061035156,169.0800018310547,151.83999633789062,331.6400146484375,120405400,14661100,31021900
2021-12-08,173.80438232421875,153.33999633789062,331.0312805175781,175.0800018310547,153.33999633789062,334.9700012207031,175.9600067138672,153.66000366210938,335.5,170.6999969482422,150.55999755859375,330.79998779296875,172.1300048828125,150.91000366210938,335.30999755859375,116998900,12886300,24761000
2021-12-09,173.28814697265625,152.94000244140625,329.18328857421875,174.55999755859375,152.94000244140625,333.1000061035156,176.75,154.2899932861328,336.489990234375,173.9199981689453,151.6999969482422,332.1199951171875,174.91000366210938,152.27000427246094,334.4100036621094,108923700,11862300,22214200
2021-12-10,178.1425323486328,152.7100067138672,338.5122985839844,179.4499969482422,152.7100067138672,342.5400085449219,179.6300048828125,154.66000366210938,343.0,174.69000244140625,151.4499969482422,334.7900085449219,175.2100067138672,153.5800018310547,334.9800109863281,115402700,10247900,38095700
2021-12-13,174.45956420898438,150.42999267578125,335.4092102050781,175.74000549316406,150.42999267578125,339.3999938964844,182.1300048828125,152.5,343.7900085449219,175.52999877929688,149.2899932861328,339.0799865722656,181.1199951171875,152.1199951171875,340.67999267578125,153237000,10195800,28899400
2021-12-14,173.05984497070312,149.10000610351562,324.479248046875,174.3300018310547,149.10000610351562,328.3399963378906,177.74000549316406,151.6199951171875,334.6400146484375,172.2100067138672,148.52000427246094,324.1099853515625,175.25,149.25999450683594,333.2200012207031,139380400,10872000,44438700
2021-12-15,177.99362182617188,150.39999389648438,330.7149963378906,179.3000030517578,150.39999389648438,334.6499938964844,179.5,150.9199981689453,335.19000244140625,172.30999755859375,147.35000610351562,324.5,175.11000061035156,148.75999450683594,328.6099853515625,131063300,12231500,35381100
2021-12-16,171.00491333007812,148.75,321.0796813964844,172.25999450683594,148.75,324.8999938964844,181.13999938964844,152.05999755859375,336.760009765625,170.75,148.5800018310547,323.0199890136719,179.27999877929688,151.35000610351562,335.7099914550781,150185800,11145600,35034800
2021-12-17,169.89306640625,148.75999450683594,319.99261474609375,171.13999938964844,148.75999450683594,323.79998779296875,173.47000122070312,149.83999633789062,324.9200134277344,169.69000244140625,146.57000732421875,317.25,169.92999267578125,148.50999450683594,320.8800048828125,195432700,13785000,47750300
2021-12-20,168.51319885253906,146.47000122070312,316.1483459472656,169.75,146.47000122070312,319.9100036621094,170.5800018310547,147.72999572753906,322.79998779296875,167.4600067138672,145.0800018310547,317.57000732421875,168.27999877929688,146.97999572753906,320.04998779296875,107499100,11201900,28326500
2021-12-21,171.72959899902344,151.0500030517578,323.44158935546875,172.99000549316406,151.0500030517578,327.2900085449219,173.1999969482422,151.42999267578125,327.7300109863281,169.1199951171875,147.38999938964844,319.79998779296875,171.55999755859375,147.55999755859375,323.2900085449219,91185900,10781400,24740600
2021-12-22,174.36029052734375,151.8800048828125,329.2820739746094,175.63999938964844,151.8800048828125,333.20001220703125,175.86000061035156,152.1999969482422,333.6099853515625,172.14999389648438,149.8699951171875,325.75,173.0399932861328,150.4199981689453,328.29998779296875,92135300,7820400,24831500
2021-12-23,174.99560546875,153.6300048828125,330.75457763671875,176.27999877929688,153.6300048828125,334.69000244140625,176.85000610351562,154.19000244140625,336.3900146484375,175.27000427246094,151.92999267578125,332.7300109863281,175.85000610351562,152.32000732421875,332.75,68356600,6572400,19617800
2021-12-27,179.01611328125,152.8000030517578,338.42333984375,180.3300018310547,152.8000030517578,342.45001220703125,180.4199981689453,154.02000427246094,342.4800109863281,177.07000732421875,151.39999389648438,335.42999267578125,177.08999633789062,152.8800048828125,335.4599914550781,74919600,7762000,19947000
2021-12-28,177.9836883544922,155.1999969482422,337.2374572753906,179.2899932861328,155.1999969482422,341.25,181.3300018310547,156.5,343.80999755859375,178.52999877929688,152.41000366210938,340.32000732421875,180.16000366210938,152.6199951171875,343.1499938964844,79144300,12198700,15661500
2021-12-29,178.0730438232422,154.8699951171875,337.92926025390625,179.3800048828125,154.8699951171875,341.95001220703125,180.6300048828125,155.9199981689453,344.29998779296875,178.13999938964844,154.17999267578125,339.67999267578125,179.3300018310547,154.55999755859375,341.29998779296875,62348900,8737000,15042000
2021-12-30,176.90162658691406,155.92999267578125,335.3301086425781,178.1999969482422,155.92999267578125,339.32000732421875,180.57000732421875,157.07000732421875,343.1300048828125,178.08999633789062,155.50999450683594,338.82000732421875,179.47000122070312,155.7100067138672,341.9100036621094,59773000,7228400,15994500
